{"businesses": [{"id": "petit-ogre-lyon-2", "name": "Petit Ogre", "image_url": "https://s3-media2.fl.yelpcdn.com/bphoto/1CIrA-RsdNRwkezsgQN7Vg/o.jpg", "is_closed": false, "url": "https://www.yelp.com/biz/petit-ogre-lyon-2?adjust_creative=nQFRhuU2YjWXkrBeQPvDEA&utm_campaign=yelp_api_v3&utm_medium=api_v3_business_search&utm_source=nQFRhuU2YjWXkrBeQPvDEA", "review_count": 63, "categories": [{"alias": "french", "title": "French"}, {"alias": "international", "title": "International"}], "rating": 4.5, "coordinates": {"latitude": 45.756084, "longitude": 4.855888}, "transactions": [], "price": "\u20ac\u20ac", "location": {"address1": "15 rue de la Banniere", "address2": "", "address3": "", "city": "Lyon", "zip_code": "69003", "country": "FR", "state": "69", "display_address": ["15 rue de la Banniere", "69003 Lyon", "France"]}, "phone": "+33478602893", "display_phone": "+33 4 78 60 28 93", "distance": 816.307168600262}, {"id": "l-osteria-de-lello-lyon", "name": "L'Osteria de Lello", "image_url": "https://s3-media3.fl.yelpcdn.com/bphoto/KxJ26FSwonI0gIWtC2wFsQ/o.jpg", "is_closed": false, "url": "https://www.yelp.com/biz/l-osteria-de-lello-lyon?adjust_creative=nQFRhuU2YjWXkrBeQPvDEA&utm_campaign=yelp_api_v3&utm_medium=api_v3_business_search&utm_source=nQFRhuU2YjWXkrBeQPvDEA", "review_count": 88, "categories": [{"alias": "italian", "title": "Italian"}], "rating": 4.5, "coordinates": {"latitude": 45.757, "longitude": 4.86426}, "transactions": ["restaurant_reservation"], "price": "\u20ac\u20ac", "location": {"address1": "231 rue Paul Bert", "address2": null, "address3": "", "city": "Lyon", "zip_code": "69003", "country": "FR", "state": "69", "display_address": ["231 rue Paul Bert", "69003 Lyon", "France"]}, "phone": "+33972553874", "display_phone": "+33 9 72 55 38 74", "distance": 1362.188451755374}, {"id": "mademoiselle-r\u00eave-lyon-3", "name": "Mademoiselle R\u00eave", "image_url": "https://s3-media2.fl.yelpcdn.com/bphoto/dzTXaDA0t3Db64sCygjxNg/o.jpg", "is_closed": false, "url": "https://www.yelp.com/biz/mademoiselle-r%C3%AAve-lyon-3?adjust_creative=nQFRhuU2YjWXkrBeQPvDEA&utm_campaign=yelp_api_v3&utm_medium=api_v3_business_search&utm_source=nQFRhuU2YjWXkrBeQPvDEA", "review_count": 104, "categories": [{"alias": "wine_bars", "title": "Wine Bars"}, {"alias": "tapasmallplates", "title": "Tapas/Small Plates"}], "rating": 4.5, "coordinates": {"latitude": 45.75827, "longitude": 4.84702}, "transactions": [], "price": "\u20ac\u20ac", "location": {"address1": "215 rue Vend\u00f4me", "address2": "", "address3": "", "city": "Lyon", "zip_code": "69003", "country": "FR", "state": "69", "display_address": ["215 rue Vend\u00f4me", "69003 Lyon", "France"]}, "phone": "+33478376814", "display_phone": "+33 4 78 37 68 14", "distance": 948.200464147582}, {"id": "le-kitchen-caf\u00e9-lyon", "name": "Le Kitchen Caf\u00e9", "image_url": "https://s3-media1.fl.yelpcdn.com/bphoto/5m_Gdjl8zoCHfmS1gYCC_w/o.jpg", "is_closed": false, "url": "https://www.yelp.com/biz/le-kitchen-caf%C3%A9-lyon?adjust_creative=nQFRhuU2YjWXkrBeQPvDEA&utm_campaign=yelp_api_v3&utm_medium=api_v3_business_search&utm_source=nQFRhuU2YjWXkrBeQPvDEA", "review_count": 217, "categories": [{"alias": "french", "title": "French"}, {"alias": "tea", "title": "Tea Rooms"}], "rating": 4.5, "coordinates": {"latitude": 45.748474, "longitude": 4.83981}, "transactions": [], "price": "\u20ac\u20ac", "location": {"address1": "34 rue Chevreul", "address2": "", "address3": "", "city": "Lyon", "zip_code": "69007", "country": "FR", "state": "69", "display_address": ["34 rue Chevreul", "69007 Lyon", "France"]}, "phone": "+33603364275", "display_phone": "+33 6 03 36 42 75", "distance": 808.662646528678}, {"id": "le-bistrot-des-maquignons-lyon", "name": "Le Bistrot des Maquignons", "image_url": "https://s3-media3.fl.yelpcdn.com/bphoto/CsHFLAD1J2DOlUH59qeCSQ/o.jpg", "is_closed": false, "url": "https://www.yelp.com/biz/le-bistrot-des-maquignons-lyon?adjust_creative=nQFRhuU2YjWXkrBeQPvDEA&utm_campaign=yelp_api_v3&utm_medium=api_v3_business_search&utm_source=nQFRhuU2YjWXkrBeQPvDEA", "review_count": 109, "categories": [{"alias": "french", "title": "French"}, {"alias": "bistros", "title": "Bistros"}], "rating": 4.0, "coordinates": {"latitude": 45.75066, "longitude": 4.85033}, "transactions": [], "price": "\u20ac\u20ac", "location": {"address1": "113 Grande Rue de la Guilloti\u00e8re", "address2": null, "address3": null, "city": "Lyon", "zip_code": "69007", "country": "FR", "state": "69", "display_address": ["113 Grande Rue de la Guilloti\u00e8re", "69007 Lyon", "France"]}, "phone": "+33967186387", "display_phone": "+33 9 67 18 63 87", "distance": 77.726999997458}, {"id": "la-m\u00e8re-jean-lyon-2", "name": "La M\u00e8re Jean", "image_url": "https://s3-media3.fl.yelpcdn.com/bphoto/aX54lHbkMB2rm-9ngd_iLQ/o.jpg", "is_closed": false, "url": "https://www.yelp.com/biz/la-m%C3%A8re-jean-lyon-2?adjust_creative=nQFRhuU2YjWXkrBeQPvDEA&utm_campaign=yelp_api_v3&utm_medium=api_v3_business_search&utm_source=nQFRhuU2YjWXkrBeQPvDEA", "review_count": 101, "categories": [{"alias": "french", "title": "French"}, {"alias": "lyonnais", "title": "Lyonnais"}], "rating": 4.5, "coordinates": {"latitude": 45.75727, "longitude": 4.83482}, "transactions": [], "price": "\u20ac\u20ac", "location": {"address1": "5 rue des Marronniers", "address2": null, "address3": null, "city": "Lyon", "zip_code": "69002", "country": "FR", "state": "69", "display_address": ["5 rue des Marronniers", "69002 Lyon", "France"]}, "phone": "+33478378127", "display_phone": "+33 4 78 37 81 27", "distance": 1414.0674371028879}, {"id": "deux-filles-en-cuisine-lyon", "name": "Deux Filles en Cuisine", "image_url": "https://s3-media2.fl.yelpcdn.com/bphoto/V5n1-HtKHFVWPWPyrMpP7g/o.jpg", "is_closed": false, "url": "https://www.yelp.com/biz/deux-filles-en-cuisine-lyon?adjust_creative=nQFRhuU2YjWXkrBeQPvDEA&utm_campaign=yelp_api_v3&utm_medium=api_v3_business_search&utm_source=nQFRhuU2YjWXkrBeQPvDEA", "review_count": 56, "categories": [{"alias": "french", "title": "French"}], "rating": 4.5, "coordinates": {"latitude": 45.7711159, "longitude": 4.8352136}, "transactions": [], "price": "\u20ac\u20ac", "location": {"address1": "32 rue des Tables Claudiennes", "address2": "", "address3": "", "city": "Lyon", "zip_code": "69001", "country": "FR", "state": "69", "display_address": ["32 rue des Tables Claudiennes", "69001 Lyon", "France"]}, "phone": "+33610772392", "display_phone": "+33 6 10 77 23 92", "distance": 2613.191749697126}, {"id": "le-bouillon-paradis-lyon-2", "name": "Le Bouillon Paradis", "image_url": "https://s3-media1.fl.yelpcdn.com/bphoto/jui4SC4XRKSdACaeoxFyOA/o.jpg", "is_closed": false, "url": "https://www.yelp.com/biz/le-bouillon-paradis-lyon-2?adjust_creative=nQFRhuU2YjWXkrBeQPvDEA&utm_campaign=yelp_api_v3&utm_medium=api_v3_business_search&utm_source=nQFRhuU2YjWXkrBeQPvDEA", "review_count": 45, "categories": [{"alias": "french", "title": "French"}, {"alias": "bistros", "title": "Bistros"}, {"alias": "tapasmallplates", "title": "Tapas/Small Plates"}], "rating": 4.0, "coordinates": {"latitude": 45.75026, "longitude": 4.84316}, "transactions": [], "price": "\u20ac\u20ac", "location": {"address1": "58 rue Salomon Reinach", "address2": "", "address3": "", "city": "Lyon", "zip_code": "69007", "country": "FR", "state": "69", "display_address": ["58 rue Salomon Reinach", "69007 Lyon", "France"]}, "phone": "+33983915272", "display_phone": "+33 9 83 91 52 72", "distance": 530.60694902328}, {"id": "l-\u00e9picerie-lyon-7", "name": "L'\u00c9picerie", "image_url": "https://s3-media2.fl.yelpcdn.com/bphoto/y5ukuf9wufpF6l1sRbL2dg/o.jpg", "is_closed": false, "url": "https://www.yelp.com/biz/l-%C3%A9picerie-lyon-7?adjust_creative=nQFRhuU2YjWXkrBeQPvDEA&utm_campaign=yelp_api_v3&utm_medium=api_v3_business_search&utm_source=nQFRhuU2YjWXkrBeQPvDEA", "review_count": 287, "categories": [{"alias": "french", "title": "French"}], "rating": 4.0, "coordinates": {"latitude": 45.76203, "longitude": 4.83272}, "transactions": [], "price": "\u20ac\u20ac", "location": {"address1": "2 rue de la Monnaie", "address2": null, "address3": null, "city": "Lyon", "zip_code": "69002", "country": "FR", "state": "69", "display_address": ["2 rue de la Monnaie", "69002 Lyon", "France"]}, "phone": "+33478377085", "display_phone": "+33 4 78 37 70 85", "distance": 1893.766349074926}, {"id": "le-comptoir-d-ainay-lyon", "name": "Le comptoir d'ainay", "image_url": "https://s3-media4.fl.yelpcdn.com/bphoto/8jSbZkt_I65n7JQ34PbZDg/o.jpg", "is_closed": false, "url": "https://www.yelp.com/biz/le-comptoir-d-ainay-lyon?adjust_creative=nQFRhuU2YjWXkrBeQPvDEA&utm_campaign=yelp_api_v3&utm_medium=api_v3_business_search&utm_source=nQFRhuU2YjWXkrBeQPvDEA", "review_count": 14, "categories": [{"alias": "french", "title": "French"}], "rating": 5.0, "coordinates": {"latitude": 45.75249, "longitude": 4.82989}, "transactions": [], "price": "\u20ac\u20ac\u20ac", "location": {"address1": "41 Rue Auguste Comte", "address2": "", "address3": "", "city": "Lyon", "zip_code": "69002", "country": "FR", "state": "69", "display_address": ["41 Rue Auguste Comte", "69002 Lyon", "France"]}, "phone": "+33472169097", "display_phone": "+33 4 72 16 90 97", "distance": 1584.688739497992}, {"id": "au-petit-bouchon-chez-georges-lyon-3", "name": "Au Petit Bouchon Chez Georges", "image_url": "https://s3-media1.fl.yelpcdn.com/bphoto/kUzCaulJOWF39kIe3IsCiA/o.jpg", "is_closed": false, "url": "https://www.yelp.com/biz/au-petit-bouchon-chez-georges-lyon-3?adjust_creative=nQFRhuU2YjWXkrBeQPvDEA&utm_campaign=yelp_api_v3&utm_medium=api_v3_business_search&utm_source=nQFRhuU2YjWXkrBeQPvDEA", "review_count": 55, "categories": [{"alias": "french", "title": "French"}, {"alias": "lyonnais", "title": "Lyonnais"}], "rating": 4.5, "coordinates": {"latitude": 45.76702, "longitude": 4.83677}, "transactions": [], "price": "\u20ac\u20ac", "location": {"address1": "8 rue du Garet", "address2": null, "address3": null, "city": "Lyon", "zip_code": "69001", "country": "FR", "state": "69", "display_address": ["8 rue du Garet", "69001 Lyon", "France"]}, "phone": "+33478283046", "display_phone": "+33 4 78 28 30 46", "distance": 2152.933398418384}, {"id": "veronatuti-lyon", "name": "Veronatuti", "image_url": "https://s3-media4.fl.yelpcdn.com/bphoto/r-7xcI0GohLZ5KVRg4ifCQ/o.jpg", "is_closed": false, "url": "https://www.yelp.com/biz/veronatuti-lyon?adjust_creative=nQFRhuU2YjWXkrBeQPvDEA&utm_campaign=yelp_api_v3&utm_medium=api_v3_business_search&utm_source=nQFRhuU2YjWXkrBeQPvDEA", "review_count": 13, "categories": [{"alias": "italian", "title": "Italian"}], "rating": 4.5, "coordinates": {"latitude": 45.74971, "longitude": 4.84756}, "transactions": [], "price": "\u20ac\u20ac", "location": {"address1": "122 rue Montesquieu", "address2": "", "address3": null, "city": "Lyon", "zip_code": "69007", "country": "FR", "state": "69", "display_address": ["122 rue Montesquieu", "69007 Lyon", "France"]}, "phone": "+33437661622", "display_phone": "+33 4 37 66 16 22", "distance": 197.921135167716}, {"id": "le-bistrot-des-fauves-lyon", "name": "Le Bistrot des Fauves", "image_url": "https://s3-media2.fl.yelpcdn.com/bphoto/Crwzr26c7QpjH0ic9WjV5g/o.jpg", "is_closed": false, "url": "https://www.yelp.com/biz/le-bistrot-des-fauves-lyon?adjust_creative=nQFRhuU2YjWXkrBeQPvDEA&utm_campaign=yelp_api_v3&utm_medium=api_v3_business_search&utm_source=nQFRhuU2YjWXkrBeQPvDEA", "review_count": 59, "categories": [{"alias": "french", "title": "French"}, {"alias": "bistros", "title": "Bistros"}, {"alias": "tea", "title": "Tea Rooms"}], "rating": 4.0, "coordinates": {"latitude": 45.7518470775094, "longitude": 4.84545549679573}, "transactions": [], "price": "\u20ac\u20ac", "location": {"address1": "29 rue Saint Michel", "address2": "", "address3": "", "city": "Lyon", "zip_code": "69007", "country": "FR", "state": "69", "display_address": ["29 rue Saint Michel", "69007 Lyon", "France"]}, "phone": "+33981444605", "display_phone": "+33 9 81 44 46 05", "distance": 408.06080077971}, {"id": "piment-et-citronnelle-lyon-07", "name": "Piment & Citronnelle", "image_url": "https://s3-media4.fl.yelpcdn.com/bphoto/_kmFQOOEfUq_lMCpdl37Cg/o.jpg", "is_closed": false, "url": "https://www.yelp.com/biz/piment-et-citronnelle-lyon-07?adjust_creative=nQFRhuU2YjWXkrBeQPvDEA&utm_campaign=yelp_api_v3&utm_medium=api_v3_business_search&utm_source=nQFRhuU2YjWXkrBeQPvDEA", "review_count": 55, "categories": [{"alias": "thai", "title": "Thai"}], "rating": 4.5, "coordinates": {"latitude": 45.75183, "longitude": 4.84692}, "transactions": [], "price": "\u20ac\u20ac", "location": {"address1": "92 grande rue de la Guilloti\u00e8re", "address2": "", "address3": "", "city": "Lyon 07", "zip_code": "69007", "country": "FR", "state": "69", "display_address": ["92 grande rue de la Guilloti\u00e8re", "69007 Lyon 07", "France"]}, "phone": "+33983733376", "display_phone": "+33 9 83 73 33 76", "distance": 312.093201812446}, {"id": "grum-et-gram-lyon", "name": "Grum & Gram", "image_url": "https://s3-media1.fl.yelpcdn.com/bphoto/iuOenwpURfwg0BDPCuY-wA/o.jpg", "is_closed": false, "url": "https://www.yelp.com/biz/grum-et-gram-lyon?adjust_creative=nQFRhuU2YjWXkrBeQPvDEA&utm_campaign=yelp_api_v3&utm_medium=api_v3_business_search&utm_source=nQFRhuU2YjWXkrBeQPvDEA", "review_count": 45, "categories": [{"alias": "french", "title": "French"}, {"alias": "bistros", "title": "Bistros"}, {"alias": "wine_bars", "title": "Wine Bars"}], "rating": 4.0, "coordinates": {"latitude": 45.7572354971985, "longitude": 4.84949017580961}, "transactions": [], "price": "\u20ac\u20ac", "location": {"address1": "264 rue Duguesclin", "address2": "", "address3": "", "city": "Lyon", "zip_code": "69003", "country": "FR", "state": "69", "display_address": ["264 rue Duguesclin", "69003 Lyon", "France"]}, "phone": "+33472316057", "display_phone": "+33 4 72 31 60 57", "distance": 805.521446915506}, {"id": "brasserie-georges-lyon", "name": "Brasserie Georges", "image_url": "https://s3-media1.fl.yelpcdn.com/bphoto/N_uSIqoNUHK_dgOSPCzUGw/o.jpg", "is_closed": false, "url": "https://www.yelp.com/biz/brasserie-georges-lyon?adjust_creative=nQFRhuU2YjWXkrBeQPvDEA&utm_campaign=yelp_api_v3&utm_medium=api_v3_business_search&utm_source=nQFRhuU2YjWXkrBeQPvDEA", "review_count": 440, "categories": [{"alias": "brasseries", "title": "Brasseries"}, {"alias": "seafood", "title": "Seafood"}, {"alias": "lyonnais", "title": "Lyonnais"}], "rating": 4.0, "coordinates": {"latitude": 45.748268, "longitude": 4.828306}, "transactions": [], "price": "\u20ac\u20ac\u20ac", "location": {"address1": "30 cours de Verdun", "address2": "", "address3": "", "city": "Lyon", "zip_code": "69002", "country": "FR", "state": "69", "display_address": ["30 cours de Verdun", "69002 Lyon", "France"]}, "phone": "+33472565454", "display_phone": "+33 4 72 56 54 54", "distance": 1694.25974202875}, {"id": "les-apothicaires-lyon", "name": "Les Apothicaires", "image_url": "https://s3-media2.fl.yelpcdn.com/bphoto/wugEtXA1uQBby4ilsCJHSA/o.jpg", "is_closed": false, "url": "https://www.yelp.com/biz/les-apothicaires-lyon?adjust_creative=nQFRhuU2YjWXkrBeQPvDEA&utm_campaign=yelp_api_v3&utm_medium=api_v3_business_search&utm_source=nQFRhuU2YjWXkrBeQPvDEA", "review_count": 38, "categories": [{"alias": "french", "title": "French"}], "rating": 4.5, "coordinates": {"latitude": 45.76812, "longitude": 4.84557}, "transactions": [], "price": "\u20ac\u20ac\u20ac", "location": {"address1": "23 rue de S\u00e8ze", "address2": "", "address3": "", "city": "Lyon", "zip_code": "69006", "country": "FR", "state": "69", "display_address": ["23 rue de S\u00e8ze", "69006 Lyon", "France"]}, "phone": "+33426022509", "display_phone": "+33 4 26 02 25 09", "distance": 2054.198981728686}, {"id": "maison-marcelle-lyon-6eme", "name": "Maison Marcelle", "image_url": "https://s3-media2.fl.yelpcdn.com/bphoto/kjOHFJAqaY0GdZJIeIcIVQ/o.jpg", "is_closed": false, "url": "https://www.yelp.com/biz/maison-marcelle-lyon-6eme?adjust_creative=nQFRhuU2YjWXkrBeQPvDEA&utm_campaign=yelp_api_v3&utm_medium=api_v3_business_search&utm_source=nQFRhuU2YjWXkrBeQPvDEA", "review_count": 24, "categories": [{"alias": "bars", "title": "Bars"}, {"alias": "bistros", "title": "Bistros"}], "rating": 4.5, "coordinates": {"latitude": 45.7662584380517, "longitude": 4.85482953306922}, "transactions": [], "price": "\u20ac\u20ac", "location": {"address1": "89 rue Massena", "address2": "", "address3": "", "city": "Lyon 6Eme", "zip_code": "69006", "country": "FR", "state": "69", "display_address": ["89 rue Massena", "69006 Lyon 6Eme", "France"]}, "phone": "+33981212044", "display_phone": "+33 9 81 21 20 44", "distance": 1846.2704699362298}, {"id": "l-ourson-qui-boit-lyon", "name": "L'Ourson qui Boit", "image_url": "https://s3-media3.fl.yelpcdn.com/bphoto/ZE_gGpFoL4Qhg7rt29VWIg/o.jpg", "is_closed": false, "url": "https://www.yelp.com/biz/l-ourson-qui-boit-lyon?adjust_creative=nQFRhuU2YjWXkrBeQPvDEA&utm_campaign=yelp_api_v3&utm_medium=api_v3_business_search&utm_source=nQFRhuU2YjWXkrBeQPvDEA", "review_count": 210, "categories": [{"alias": "french", "title": "French"}, {"alias": "japanese", "title": "Japanese"}], "rating": 4.5, "coordinates": {"latitude": 45.77062160772, "longitude": 4.8373424801018}, "transactions": [], "price": "\u20ac\u20ac\u20ac", "location": {"address1": "23 rue Royale", "address2": null, "address3": null, "city": "Lyon", "zip_code": "69001", "country": "FR", "state": "69", "display_address": ["23 rue Royale", "69001 Lyon", "France"]}, "phone": "+33478272337", "display_phone": "+33 4 78 27 23 37", "distance": 2494.412835292332}, {"id": "monplaisir-c\u00f4t\u00e9-cour-lyon-2", "name": "Monplaisir C\u00f4t\u00e9 Cour", "image_url": "https://s3-media2.fl.yelpcdn.com/bphoto/ojmXxLiJ5ur-X1IbZPgn1A/o.jpg", "is_closed": false, "url": "https://www.yelp.com/biz/monplaisir-c%C3%B4t%C3%A9-cour-lyon-2?adjust_creative=nQFRhuU2YjWXkrBeQPvDEA&utm_campaign=yelp_api_v3&utm_medium=api_v3_business_search&utm_source=nQFRhuU2YjWXkrBeQPvDEA", "review_count": 62, "categories": [{"alias": "french", "title": "French"}], "rating": 3.5, "coordinates": {"latitude": 45.7453011386755, "longitude": 4.8651839}, "transactions": [], "price": "\u20ac\u20ac", "location": {"address1": "64 avenue des Fr\u00e8res Lumi\u00e8re", "address2": "", "address3": "", "city": "Lyon", "zip_code": "69008", "country": "FR", "state": "69", "display_address": ["64 avenue des Fr\u00e8res Lumi\u00e8re", "69008 Lyon", "France"]}, "phone": "+33478750000", "display_phone": "+33 4 78 75 00 00", "distance": 1288.836506921516}], "total": 5200, "region": {"center": {"longitude": 4.85, "latitude": 45.75}}}